slug	title	description
msq-arr	Main Scenario: A Realm Reborn	A coast of old stone under a blue night; the lesser moon broken into falling embers, a crystal spire on the far shore.
msq-hw	Main Scenario: Heavensward	Gothic spires of a holy city above snow, a great winged shape crossing the moon, falling snow.
msq-sb	Main Scenario: Stormblood	A crimson night over a lakeside fortress and a far eastern tower across the water; a war banner lifts in the wind.
msq-shb	Main Scenario: Shadowbringers	Night returning to a sky drowned in light: violet dark breaking through a white glare, a crystal tower rising over a lake.
msq-ew	Main Scenario: Endwalker	A blue world's limb rising beyond the moon, a colonnade of learning on the shore, a pale gold dawn at the edge of night.
msq-dt	Main Scenario: Dawntrail	A stepped golden pyramid above a green lowland, its stair a road of light, the sky warm at the horizon.
side-la-noscea	Sidequests: La Noscea	Sea cliffs and a sailing ship at anchor under a teal night; the harbour lamps low on the water.
side-black-shroud	Sidequests: The Black Shroud	A deep forest of giant trees at the water's edge, fireflies drifting over a still pool.
side-thanalan	Sidequests: Thanalan	Warm desert night: mesas and dunes, a domed city of merchants glowing gold on the far shore.
side-coerthas	Sidequests: Coerthas and Ishgard	Snowbound highlands under a pale moon: a lone watchtower on a white ridge, snow on the wind.
side-dravania	Sidequests: Dravania and Abalathia	Islands adrift in a sea of cloud, rookery spires of rock, a long-winged shape far off.
side-gyr-abania-othard	Sidequests: Gyr Abania and Othard	Tall karst peaks over a rose-dusk sea, a gate standing in the shallows, lanterns on a far pier.
side-norvrandt	Sidequests: Norvrandt	Lakeland shallows under a violet night: trees of crystal, fae lights and petals on the water.
side-ilsabard	Sidequests: Ilsabard, Sharlayan and Thavnair	A port city of onion domes and a scholar's tower across a still harbour, a cold northern ridge behind.
side-tural	Sidequests: Tural	Jungle highlands and a falling cascade under a warm teal night, palms leaning over the river mouth.
allied-societies	Allied Societies	A night gathering by the water: tents and hide pennants round a fire, its sparks rising toward the moon.
class-job	Class and Job Quests	A training ground on a knoll by the water: a sword and a staff crossed and planted, a hammer and a fishing rod beside them.
grand-company	Grand Company	A watchtower and rampart above a harbour, three company standards in storm red, serpent gold and flame black.
seasonal	Seasonal Events	A festival night: paper lanterns drifting on the water, fireworks opening over the far shore under a crescent.
chronicles	Chronicles of a New Era	A colossal ancient guardian half sunk in the sea, a ring of ruined arches beside it, the old tales written in the stars.
hildibrand	Hildibrand Adventures	A gentleman inspector's evening: a gas lamp on the quay, a top hat left on a bollard, a magnifier catching the crescent.
relic	Relic Weapons and Unusual Endeavours	An anvil on a stone shelf by the water, a blade standing in it and glowing, sparks climbing toward the moon.
other	Other Quests	The moon road itself: calm water, a low far shore and a wide sky of stars.
