rowId,name,fact,catalogValue,source,sourceValue,sourceRef,verdict,reason,fixedIn
66058,The Black Wolf's Ultimatum,gates,,wiki,chocoboCompanion: My Little Chocobo,https://ffxiv.consolegameswiki.com/wiki/The_Black_Wolf's_Ultimatum,sourceWrong,"the wiki names the gate of the quest that follows, Operation Archon (70057), which curated/game_gates.json carries; this quest's own text states no gate and its sheet names no accept condition or unlock link to wait for",
67016,Unidentified Flying Object,gates,the Dun Scaith raid unlocked,wiki,dutyUnlocked: Dun Scaith,https://ffxiv.consolegameswiki.com/wiki/Unidentified_Flying_Object,match,,
67093,The Nightmare's End,gates,floor 50 of the Palace of the Dead cleared,wiki,"deepDungeonFloor: floor 50, Palace of the Dead",https://ffxiv.consolegameswiki.com/wiki/The_Nightmare's_End,match,,
67923,What Lies Beneath,gates,floor 50 of the Palace of the Dead cleared,wiki,"deepDungeonFloor: floor 50, Palace of the Dead",https://ffxiv.consolegameswiki.com/wiki/What_Lies_Beneath,match,,
67924,Dead but Not Gone,gates,floor 100 of the Palace of the Dead cleared,wiki,"deepDungeonFloor: floor 100, Palace of the Dead",https://ffxiv.consolegameswiki.com/wiki/Dead_but_Not_Gone,match,,
68148,And We Shall Call It Pyros,gates,the Eureka Pagos story finished at elemental level 35,wiki,elementalLevel: elemental level 35,https://ffxiv.consolegameswiki.com/wiki/And_We_Shall_Call_It_Pyros,match,,
68149,And We Shall Call It Hydatos,gates,the Eureka Pyros story finished at elemental level 50,wiki,elementalLevel: elemental level 50,https://ffxiv.consolegameswiki.com/wiki/And_We_Shall_Call_It_Hydatos,match,,
68478,And We Shall Call It Pagos,gates,the Eureka Anemos story finished at elemental level 20,wiki,elementalLevel: elemental level 20,https://ffxiv.consolegameswiki.com/wiki/And_We_Shall_Call_It_Pagos,match,,
68667,Knocking on Heaven's Door,gates,floor 50 of the Palace of the Dead cleared,wiki,"deepDungeonFloor: level 50, Palace of the Dead",https://ffxiv.consolegameswiki.com/wiki/Knocking_on_Heaven's_Door,match,,
68668,On the Shoulders of Giants,gates,floor 30 of Heaven-on-High cleared,wiki,"deepDungeonFloor: floor 30, Heaven-on-High",https://ffxiv.consolegameswiki.com/wiki/On_the_Shoulders_of_Giants,match,,
68730,Blue Collar Work,gates,the blue magic Blood Drain learned,wiki,blueMagic: Blood Drain,https://ffxiv.consolegameswiki.com/wiki/Blue_Collar_Work,match,,
68731,Why They Call It the Blues,gates,the blue magic Mind Blast learned,wiki,blueMagic: Mind Blast,https://ffxiv.consolegameswiki.com/wiki/Why_They_Call_It_the_Blues,match,,
68732,Scream Blue Murder,gates,the blue magic Faze learned,wiki,blueMagic: Faze,https://ffxiv.consolegameswiki.com/wiki/Scream_Blue_Murder,match,,
68733,Blue Gold,gates,the blue magic 1000 Needles learned,wiki,blueMagic: 1000 Needles,https://ffxiv.consolegameswiki.com/wiki/Blue_Gold,match,,
68734,The Real Folk Blues,gates,the blue magic Glower learned,wiki,blueMagic: Glower,https://ffxiv.consolegameswiki.com/wiki/The_Real_Folk_Blues,match,,
69269,"Something Borrowed, Something Blue",gates,the blue magic Northerlies learned,wiki,blueMagic: Northerlies,"https://ffxiv.consolegameswiki.com/wiki/Something_Borrowed,_Something_Blue",match,,
69270,Bolt from the Blue,gates,the blue magic Whistle learned,wiki,blueMagic: Whistle,https://ffxiv.consolegameswiki.com/wiki/Bolt_from_the_Blue,match,,
69271,Blue in the Face,gates,the blue magic Exuviation learned,wiki,blueMagic: Exuviation,https://ffxiv.consolegameswiki.com/wiki/Blue_in_the_Face,match,,
69272,Blue Scream of Death,gates,the blue magic Frog Legs learned,wiki,blueMagic: Frog Legs,https://ffxiv.consolegameswiki.com/wiki/Blue_Scream_of_Death,match,,
69429, Ever Skyward,gates,a dragonsung tool in your possession,wiki,toolHeld: a tool or weapon in your possession,https://ffxiv.consolegameswiki.com/wiki/Ever_Skyward,match,,
69430, The Tools of Tomorrow,gates,an augmented dragonsung tool in your possession,wiki,toolHeld: a tool or weapon in your possession,https://ffxiv.consolegameswiki.com/wiki/The_Tools_of_Tomorrow,match,,
69481,On the Offensive,gates,Resistance rank 5,wiki,resistanceRank: rank 5,https://ffxiv.consolegameswiki.com/wiki/On_the_Offensive,match,,
69482,Time to Focus,gates,Resistance rank 6,wiki,resistanceRank: rank 6,https://ffxiv.consolegameswiki.com/wiki/Time_to_Focus,match,,
69483,Third Time's the Charm,gates,Resistance rank 7,wiki,resistanceRank: rank 7,https://ffxiv.consolegameswiki.com/wiki/Third_Time's_the_Charm,match,,
69484,Pressing Forward,gates,Resistance rank 8,wiki,resistanceRank: rank 8,https://ffxiv.consolegameswiki.com/wiki/Pressing_Forward,match,,
69485,Signature Acquired,gates,Resistance rank 9,wiki,resistanceRank: rank 9,https://ffxiv.consolegameswiki.com/wiki/Signature_Acquired,match,,
69486,Picking Up the Trail,gates,Resistance rank 9,wiki,resistanceRank: rank 9,https://ffxiv.consolegameswiki.com/wiki/Picking_Up_the_Trail,match,,
69487,The Lady of Blades,gates,Resistance rank 10,wiki,resistanceRank: rank 10,https://ffxiv.consolegameswiki.com/wiki/The_Lady_of_Blades,match,,
69520, Greater Heights,gates,a skybuilders' tool in your possession,wiki,toolHeld: a tool or weapon in your possession,https://ffxiv.consolegameswiki.com/wiki/Greater_Heights,match,,
69526,Everybody Was Fukumen Fighting,gates,the blue magic Basic Instinct learned,wiki,blueMagic: Basic Instinct,https://ffxiv.consolegameswiki.com/wiki/Everybody_Was_Fukumen_Fighting,match,,
69527,Azuro and Goliath,gates,the blue magic Tingle learned,wiki,blueMagic: Tingle,https://ffxiv.consolegameswiki.com/wiki/Azuro_and_Goliath,match,,
69528,Where the Gold Goes,gates,the blue magic Ultravibration learned,wiki,blueMagic: Ultravibration,https://ffxiv.consolegameswiki.com/wiki/Where_the_Gold_Goes,match,,
69529,Master of Mimicry,gates,the blue magic Aetherial Spark learned,wiki,blueMagic: Aetherial Spark,https://ffxiv.consolegameswiki.com/wiki/Master_of_Mimicry,match,,
69563,A Seaside Story,gates,"Resistance rank 15 and 700,000 mettle",wiki,resistanceRank: rank 15,https://ffxiv.consolegameswiki.com/wiki/A_Seaside_Story,match,,
69563,A Seaside Story,gates,"Resistance rank 15 and 700,000 mettle",wiki,mettle: 700000 mettle,https://ffxiv.consolegameswiki.com/wiki/A_Seaside_Story,match,,
69564,One Man's Relic,gates,"78,000 mettle amassed",wiki,mettle: 78000 mettle,https://ffxiv.consolegameswiki.com/wiki/One_Man's_Relic,match,,
69574, Change of Arms,gates,a recollection resistance weapon in your possession,wiki,toolHeld: a tool or weapon in your possession,https://ffxiv.consolegameswiki.com/wiki/Change_of_Arms,match,,
69576, A New Path of Resistance,gates,a Law's Order weapon in your possession,wiki,toolHeld: a tool or weapon in your possession,https://ffxiv.consolegameswiki.com/wiki/A_New_Path_of_Resistance,match,,
69617,The Adventurer with All the Cards,gates,the achievement A Card in the Hand,wiki,achievement: an achievement,https://ffxiv.consolegameswiki.com/wiki/The_Adventurer_with_All_the_Cards,match,,
69637, Irresistible,gates,an augmented Law's Order weapon in your possession,wiki,toolHeld: a tool or weapon in your possession,https://ffxiv.consolegameswiki.com/wiki/Irresistible,match,,
70057,Operation Archon,gates,My Little Chocobo done (the chocobo companion),wiki,chocoboCompanion: My Little Chocobo,https://ffxiv.consolegameswiki.com/wiki/Operation_Archon,match,,
70181,"The Land, Wind, and Sea",gates,"Island Sanctuary rank 9 with every building built (3 workshops, 2 granaries, 4 landmarks)",wiki,islandRank: rank 9,"https://ffxiv.consolegameswiki.com/wiki/The_Land,_Wind,_and_Sea",notModeled,"player-confirmed: the wiki alone states this gate and no second source confirms it; curated/game_gates.json carries it never judged (playerConfirmed), so the quest reads Not checked until the player confirms it with I've done this",
70185,"For Coin, Country, and Comrades",gates,note 12 of the Sil'dih Survey Record (the Sil'dihn Subterrane),wiki,variantNotes: variant dungeon notes,"https://ffxiv.consolegameswiki.com/wiki/For_Coin,_Country,_and_Comrades",match,,
70199,Delve into Myth,gates,floor 50 of the Palace of the Dead cleared,wiki,"deepDungeonFloor: floor 50, Palace of the Dead",https://ffxiv.consolegameswiki.com/wiki/Delve_into_Myth,match,,
70200,Rage Extinguished,gates,floor 30 of Eureka Orthos cleared,wiki,"deepDungeonFloor: floor 30, Eureka Orthos",https://ffxiv.consolegameswiki.com/wiki/Rage_Extinguished,match,,
70201,Orthos Unveiled,gates,floor 100 of Eureka Orthos cleared,wiki,"deepDungeonFloor: floor 100, Eureka Orthos",https://ffxiv.consolegameswiki.com/wiki/Orthos_Unveiled,match,,
70261, Well-oiled,gates,a Manderville weapon in your possession,wiki,toolHeld: a tool or weapon in your possession,https://ffxiv.consolegameswiki.com/wiki/Well-oiled,match,,
70262, The Next Mander-level,gates,a Manderville weapon in your possession,wiki,toolHeld: a tool or weapon in your possession,https://ffxiv.consolegameswiki.com/wiki/The_Next_Mander-level,match,,
70265,A Far Eastern Yarn,gates,Island Sanctuary rank 12,wiki,islandRank: rank 12,https://ffxiv.consolegameswiki.com/wiki/A_Far_Eastern_Yarn,notModeled,"player-confirmed: the wiki alone states this gate and no second source confirms it; curated/game_gates.json carries it never judged (playerConfirmed), so the quest reads Not checked until the player confirms it with I've done this",
70267, A Dedicated Tool,gates,a splendorous tool in your possession,wiki,toolHeld: a tool or weapon in your possession,https://ffxiv.consolegameswiki.com/wiki/A_Dedicated_Tool,match,,
70268, An Adaptive Tool,gates,an augmented splendorous tool in your possession,wiki,toolHeld: a tool or weapon in your possession,https://ffxiv.consolegameswiki.com/wiki/An_Adaptive_Tool,match,,
70270,Of Price and Ruin,gates,note 12 of the Mount Rokkon Exorcism Record,wiki,variantNotes: variant dungeon notes,https://ffxiv.consolegameswiki.com/wiki/Of_Price_and_Ruin,match,,
70299,An Ideal Marriage,gates,Island Sanctuary rank 15,wiki,islandRank: rank 15,https://ffxiv.consolegameswiki.com/wiki/An_Ideal_Marriage,notModeled,"player-confirmed: the wiki alone states this gate and no second source confirms it; curated/game_gates.json carries it never judged (playerConfirmed), so the quest reads Not checked until the player confirms it with I've done this",
70304, A Tool of Her Own,gates,a crystalline tool in your possession,wiki,toolHeld: a tool or weapon in your possession,https://ffxiv.consolegameswiki.com/wiki/A_Tool_of_Her_Own,match,,
70305, A Tool without Compare,gates,one of Chora-Zoi's crystalline tools in your possession,wiki,toolHeld: a tool or weapon in your possession,https://ffxiv.consolegameswiki.com/wiki/A_Tool_without_Compare,match,,
70307, A Spirited Reforging,gates,an amazing Manderville weapon in your possession,wiki,toolHeld: a tool or weapon in your possession,https://ffxiv.consolegameswiki.com/wiki/A_Spirited_Reforging,match,,
70308, In Need of Adjustment,gates,an amazing Manderville weapon in your possession,wiki,toolHeld: a tool or weapon in your possession,https://ffxiv.consolegameswiki.com/wiki/In_Need_of_Adjustment,match,,
70310,"The Beard, the Myth, the Legend",gates,the blue magic Goblin Punch learned,wiki,blueMagic: Goblin Punch,"https://ffxiv.consolegameswiki.com/wiki/The_Beard,_the_Myth,_the_Legend",match,,
70311,Gridania's Most Wanted,gates,the blue magic Schiltron learned,wiki,blueMagic: Schiltron,https://ffxiv.consolegameswiki.com/wiki/Gridania's_Most_Wanted,match,,
70312,No Butts About It,gates,the blue magic Rehydration learned,wiki,blueMagic: Rehydration,https://ffxiv.consolegameswiki.com/wiki/No_Butts_About_It,match,,
70326,A Fish a Day,gates,note 12 of the Aloalo Conservation Record,wiki,variantNotes: variant dungeon notes,https://ffxiv.consolegameswiki.com/wiki/A_Fish_a_Day,match,,
70339, A Tool for the Ages,gates,a brilliant tool in your possession,wiki,toolHeld: a tool or weapon in your possession,https://ffxiv.consolegameswiki.com/wiki/A_Tool_for_the_Ages,match,,
70340," Stand Tool, My Friend",gates,a Vrandtic visionary's tool in your possession,wiki,toolHeld: a tool or weapon in your possession,"https://ffxiv.consolegameswiki.com/wiki/Stand_Tool,_My_Friend",match,,
70341, Dearly Bekettled,gates,a lodestar tool in your possession,wiki,toolHeld: a tool or weapon in your possession,https://ffxiv.consolegameswiki.com/wiki/Dearly_Bekettled,match,,
70851,A Ruined Land,gates,the Occult Record entry The Lost Citadel (No. 7) unlocked,wiki,occultRecord: Occult Record entries,https://ffxiv.consolegameswiki.com/wiki/A_Ruined_Land,match,,
70852,A Common Thread,gates,"the Occult Record entries The Vanishing Slope (No. 9), The Fell Warren (No. 13) and The Shadowed City (No. 15) unlocked",wiki,occultRecord: Occult Record entries,https://ffxiv.consolegameswiki.com/wiki/A_Common_Thread,match,,
70853,Past and Crescent,gates,the Occult Record entry The Abandoned Ascent (No. 19) unlocked,wiki,occultRecord: Occult Record entries,https://ffxiv.consolegameswiki.com/wiki/Past_and_Crescent,match,,
70918, Wrought by Hands Phantasmal,gates,a penumbrae phantom weapon in your possession,wiki,toolHeld: a tool or weapon in your possession,https://ffxiv.consolegameswiki.com/wiki/Wrought_by_Hands_Phantasmal,match,,
70941,Pilgrimage of Light,gates,floor 50 of the Palace of the Dead cleared,wiki,"deepDungeonFloor: floor 50, Palace of the Dead",https://ffxiv.consolegameswiki.com/wiki/Pilgrimage_of_Light,match,,
70942,Faerie Tale,gates,stone 30 of Pilgrim's Traverse cleared,wiki,"deepDungeonFloor: stone 30, Pilgrim's Traverse",https://ffxiv.consolegameswiki.com/wiki/Faerie_Tale,match,,
70943,A Branch and Their Sapling,gates,stone 100 of Pilgrim's Traverse cleared,wiki,"deepDungeonFloor: stone 100, Pilgrim's Traverse",https://ffxiv.consolegameswiki.com/wiki/A_Branch_and_Their_Sapling,match,,
70978,Starting a New Chapter,gates,note 13 of the Corvosi Folklore Record (the Merchant's Tale),wiki,variantNotes: variant dungeon notes,https://ffxiv.consolegameswiki.com/wiki/Starting_a_New_Chapter,match,,
70992, A Phantom Reborn,gates,an umbrae phantom weapon in your possession,wiki,toolHeld: a tool or weapon in your possession,https://ffxiv.consolegameswiki.com/wiki/A_Phantom_Reborn,match,,
71036,Free for All,gates,25 beasts befriended as a beastmaster,wiki,beastsTamed: beasts tamed,https://ffxiv.consolegameswiki.com/wiki/Free_for_All,match,,
71037,Mastery Rematch,gates,30 beasts befriended as a beastmaster,wiki,beastsTamed: beasts tamed,https://ffxiv.consolegameswiki.com/wiki/Mastery_Rematch,match,,
71040, A Phantom Unveiled,gates,an obscurum phantom weapon in your possession,wiki,toolHeld: a tool or weapon in your possession,https://ffxiv.consolegameswiki.com/wiki/A_Phantom_Unveiled,match,,
71041, Final Phantasm,gates,an eclipticum phantom weapon in your possession,wiki,toolHeld: a tool or weapon in your possession,https://ffxiv.consolegameswiki.com/wiki/Final_Phantasm,match,,
71054,Wisdom's End,gates,the Forked Tower: Magic cleared (either version),wiki,knowledgeLevel: knowledge level,https://ffxiv.consolegameswiki.com/wiki/Wisdom's_End,match,,
